<?xml version="1.0"?>
<metadata xml:lang="nl"><Esri><CreaDate>20170125</CreaDate><CreaTime>16015800</CreaTime><ArcGISFormat>1.0</ArcGISFormat><SyncOnce>TRUE</SyncOnce><DataProperties><itemProps><itemLocation><linkage Sync="TRUE">file://\\WURNET.NL\Homes\doorn085\Geoscripting\FinalProject\data\DEMrastercenter1.tif</linkage><protocol Sync="TRUE">Local Area Network</protocol></itemLocation></itemProps><copyHistory><copy source="M:\ideas\Great Plains\DEMrastercenter1.tif" dest="\\WURNET.NL\Homes\doorn085\Geoscripting\FinalProject\data\DEMrastercenter1.tif" date="20170125" time="16015800"></copy></copyHistory></DataProperties></Esri><MD_Metadata xmlns:xlink="http://www.w3.org/1999/xlink" xmlns:xsi="http://www.w3.org/2001/XMLSchema-instance" xmlns:gml="http://www.opengis.net/gml" xmlns:gco="http://www.isotc211.org/2005/gco" xsi:schemaLocation="http://www.isotc211.org/2005/gmd http://schemas.opengis.net/iso/19139/20060504/gmd/gmd.xsd" xmlns="http://www.isotc211.org/2005/gmd"><distributionInfo><MD_Distribution><transferOptions><MD_DigitalTransferOptions><onLine><CI_OnlineResource><linkage><URL>\\WURNET.NL\Homes\doorn085\Geoscripting\FinalProject\data\DEMrastercenter1.tif</URL></linkage></CI_OnlineResource></onLine></MD_DigitalTransferOptions></transferOptions></MD_Distribution></distributionInfo></MD_Metadata></metadata>
